feature,overlap
svcscan.shared_process_services,0.007338384872687556
handles.nmutant,0.02532596081643798
dlllist.avg_dlls_per_proc,0.028909823196122602
handles.nevent,0.030991876578606047
handles.nkey,0.03925182606321251
handles.nsection,0.040241654720458736
dlllist.ndlls,0.05293876715134138
handles.nsemaphore,0.059901699774728645
ldrmodules.not_in_load,0.09215646119189022
ldrmodules.not_in_mem,0.09219059321455389
handles.nthread,0.119530343368148
handles.ntimer,0.12918970578196465
ldrmodules.not_in_init,0.1303501945525292
svcscan.nactive,0.1490204109495529
pslist.avg_threads,0.1641408969895556
svcscan.process_services,0.24807154071950305
pslist.nppid,0.3098163697180695
ldrmodules.not_in_load_avg,0.31913441190524955
ldrmodules.not_in_mem_avg,0.31920267595057683
callbacks.ncallbacks,0.377636698750768
handles.ndesktop,0.5727694723189297
psxview.not_in_deskthrd_false_avg,0.6269028602634992
pslist.nproc,0.6841763942931258
psxview.not_in_csrss_handles_false_avg,0.6847566386784081
psxview.not_in_ethread_pool_false_avg,0.7149976107584136
psxview.not_in_deskthrd,0.716977268072906
psxview.not_in_session_false_avg,0.7338384872687554
psxview.not_in_pspcid_list,0.7352037681753022
psxview.not_in_pslist,0.7354085603112842
psxview.not_in_session,0.7357157485152571
handles.ndirectory,0.7376271417844221
psxview.not_in_pslist_false_avg,0.7391289507816233
ldrmodules.not_in_init_avg,0.742610417093317
psxview.not_in_pspcid_list_false_avg,0.7653082121646528
psxview.not_in_csrss_handles,0.8453136732882791
psxview.not_in_ethread_pool,0.8461669738548706
svcscan.nservices,0.8910847156802512
malfind.uniqueInjections,0.9036453000204792
malfind.protection,0.9117004573691038
malfind.ninjections,0.9117004573691038
malfind.commitCharge,0.9153867158167793
modules.nmodules,0.9532049969281179
svcscan.kernel_drivers,0.985016042050652
psxview.not_in_eprocess_pool_false_avg,0.9946412724418049
pslist.avg_handlers,0.9966209297562973
handles.nhandles,0.9968939859376067
psxview.not_in_eprocess_pool,0.9969281179602703
svcscan.fs_drivers,0.9979179466175165
handles.nfile,0.9982592668441532
callbacks.nanonymous,0.9982933988668169
handles.avg_handles_per_proc,0.9984640589801351
callbacks.ngeneric,0.9997610758413543
