feature,auc,nuniq
dlllist.avg_dlls_per_proc,0.9974687880488814,16319
svcscan.shared_process_services,0.994657645281129,23
svcscan.kernel_drivers,0.9943044473482643,20
handles.avg_handles_per_proc,0.9928615067119484,36144
pslist.avg_handlers,0.9922022389702831,36463
handles.nsection,0.989558330065639,629
handles.nevent,0.9893969660296926,3469
handles.nthread,0.9892547638310312,1170
handles.nmutant,0.98834700207953,408
handles.nhandles,0.9829680904009629,7674
handles.nsemaphore,0.9825605087553543,638
handles.nkey,0.98201089500035,1100
handles.ntimer,0.9787545138720402,129
dlllist.ndlls,0.9776038611540168,1860
ldrmodules.not_in_load,0.9761634404018233,151
ldrmodules.not_in_mem,0.9761495379343356,151
handles.nfile,0.9737151685201807,1149
pslist.avg_threads,0.9614460065069815,27885
ldrmodules.not_in_init,0.9601215074143938,185
svcscan.nactive,0.9568194043109501,35
svcscan.nservices,0.9471064270810705,35
ldrmodules.not_in_load_avg,0.924574000715894,18673
ldrmodules.not_in_mem_avg,0.9245218235036253,18673
callbacks.ncallbacks,0.8740492377016176,13
malfind.uniqueInjections,0.8485003923772962,5526
svcscan.process_services,0.8402184792424994,15
malfind.commitCharge,0.8049131394661474,559
handles.ndesktop,0.7865017162170016,64
pslist.nppid,0.7759193411025169,49
malfind.protection,0.7294819705168571,215
malfind.ninjections,0.7206383340868288,120
handles.ndirectory,0.6860095942648248,108
pslist.nproc,0.676954511830037,114
psxview.not_in_deskthrd_false_avg,0.6665700495562299,12049
psxview.not_in_csrss_handles_false_avg,0.6462592697659605,11814
psxview.not_in_session_false_avg,0.6218681824639914,11930
ldrmodules.not_in_init_avg,0.6053887606625524,18838
psxview.not_in_deskthrd,0.6050240112220517,87
psxview.not_in_csrss_handles,0.6030626513185755,84
psxview.not_in_ethread_pool,0.6027082854782524,84
psxview.not_in_pspcid_list,0.5938333957281341,43
psxview.not_in_pslist,0.5936715447242897,41
psxview.not_in_session,0.5935488573563894,41
psxview.not_in_ethread_pool_false_avg,0.5832452102012309,10421
psxview.not_in_pspcid_list_false_avg,0.5693169141924491,9695
psxview.not_in_pslist_false_avg,0.5691379913522984,9690
modules.nmodules,0.5233977566698397,3
psxview.not_in_eprocess_pool,0.5015359410198649,2
psxview.not_in_eprocess_pool_false_avg,0.5013717087662997,196
svcscan.fs_drivers,0.5010410266912417,10
callbacks.nanonymous,0.5008533005665916,2
callbacks.ngeneric,0.5001194620793228,2
